Analysis_Type,Data_Source
Product_Impact,Product_Launch
Product_Impact,Product_Launch
Product_Impact,Product_Launch
Product_Impact,Product_Launch
Product_Impact,Product_Launch
Product_Impact,Product_Launch
Product_Impact,Product_Launch
Product_Impact,Product_Launch
Product_Impact,Product_Launch
Product_Impact,Product_Launch
Product_Impact,Product_Launch
Product_Impact,Product_Launch
Product_Impact,Product_Launch
Product_Impact,Product_Launch
Product_Impact,Product_Launch
Product_Impact,Product_Launch
Product_Impact,Product_Launch
Product_Impact,Product_Launch
Product_Impact,Product_Launch
Product_Impact,Product_Launch
Product_Impact,Product_Launch
Product_Impact,Product_Launch
Product_Impact,Product_Launch
Product_Impact,Product_Launch
Product_Impact,Product_Launch
Product_Impact,Product_Launch
Lag_Analysis,correlation_price
Lag_Analysis,correlation_price
Lag_Analysis,correlation_price
Lag_Analysis,correlation_price
Lag_Analysis,correlation_price
Lag_Analysis,correlation_price
Lag_Analysis,correlation_price
Lag_Analysis,correlation_price
Lag_Analysis,correlation_price
Lag_Analysis,correlation_price
Lag_Analysis,correlation_price
Lag_Analysis,correlation_price
Lag_Analysis,correlation_price
Lag_Analysis,correlation_price
Lag_Analysis,correlation_price
Lag_Analysis,correlation_price
Lag_Analysis,correlation_price
Lag_Analysis,correlation_price
Lag_Analysis,correlation_price
Lag_Analysis,correlation_price
Lag_Analysis,correlation_price
Lag_Analysis,correlation_price
Lag_Analysis,correlation_price
Lag_Analysis,correlation_price
Lag_Analysis,correlation_price
Lag_Analysis,correlation_price
Lag_Analysis,correlation_price
Lag_Analysis,correlation_price
Lag_Analysis,correlation_price
Lag_Analysis,correlation_price
Lag_Analysis,correlation_price
Lag_Analysis,correlation_price
Lag_Analysis,correlation_price
Lag_Analysis,correlation_price
Lag_Analysis,correlation_price
Lag_Analysis,correlation_price
Lag_Analysis,correlation_price
Lag_Analysis,correlation_price
Lag_Analysis,correlation_price
Lag_Analysis,correlation_price
Lag_Analysis,correlation_price
Lag_Analysis,correlation_price
Lag_Analysis,correlation_price
